<?xml version="1.0" encoding="UTF-8"?>
<project-private xmlns="http://www.netbeans.org/ns/project-private/1">
    <editor-bookmarks xmlns="http://www.netbeans.org/ns/editor-bookmarks/2" lastBookmarkId="0"/>
    <open-files xmlns="http://www.netbeans.org/ns/projectui-open-files/2">
        <group>
            <file>file:/Users/cikalbachtiar/Documents/CIKAL%20LOC/CIKAL%20KULIAH/SEMESTER%204/PEMROGRAMAN%20BERBASIS%20OBJEK/WarungLamonganFIX/src/service/TransactionService.java</file>
            <file>file:/Users/cikalbachtiar/Documents/CIKAL%20LOC/CIKAL%20KULIAH/SEMESTER%204/PEMROGRAMAN%20BERBASIS%20OBJEK/WarungLamonganFIX/src/utilities/DBUtil.java</file>
            <file>file:/Users/cikalbachtiar/Documents/CIKAL%20LOC/CIKAL%20KULIAH/SEMESTER%204/PEMROGRAMAN%20BERBASIS%20OBJEK/WarungLamonganFIX/src/view/WarungLamonganPOSFrame.java</file>
            <file>file:/Users/cikalbachtiar/Documents/CIKAL%20LOC/CIKAL%20KULIAH/SEMESTER%204/PEMROGRAMAN%20BERBASIS%20OBJEK/WarungLamonganFIX/src/service/TransactionDBHelper.java</file>
            <file>file:/Users/cikalbachtiar/Documents/CIKAL%20LOC/CIKAL%20KULIAH/SEMESTER%204/PEMROGRAMAN%20BERBASIS%20OBJEK/WarungLamonganFIX/src/controller/TransactionController.java</file>
            <file>file:/Users/cikalbachtiar/Documents/CIKAL%20LOC/CIKAL%20KULIAH/SEMESTER%204/PEMROGRAMAN%20BERBASIS%20OBJEK/WarungLamonganFIX/src/model/FoodItem.java</file>
            <file>file:/Users/cikalbachtiar/Documents/CIKAL%20LOC/CIKAL%20KULIAH/SEMESTER%204/PEMROGRAMAN%20BERBASIS%20OBJEK/WarungLamonganFIX/src/model/DrinkItem.java</file>
            <file>file:/Users/cikalbachtiar/Documents/CIKAL%20LOC/CIKAL%20KULIAH/SEMESTER%204/PEMROGRAMAN%20BERBASIS%20OBJEK/WarungLamonganFIX/src/model/Transaction.java</file>
            <file>file:/Users/cikalbachtiar/Documents/CIKAL%20LOC/CIKAL%20KULIAH/SEMESTER%204/PEMROGRAMAN%20BERBASIS%20OBJEK/WarungLamonganFIX/src/model/MenuProduct.java</file>
        </group>
    </open-files>
</project-private>
